Date,Time,TankLevelPV,DatalogStatus
09/10/2026,02:00:00,20.00,0
09/10/2026,02:00:01,26.26,0
09/10/2026,02:00:02,31.26,0
09/10/2026,02:00:03,35.25,0
09/10/2026,02:00:04,38.45,0
09/10/2026,02:00:05,41.01,0
09/10/2026,02:00:06,43.06,0
09/10/2026,02:00:07,44.70,0
09/10/2026,02:00:08,46.02,0
09/10/2026,02:00:09,47.08,0
09/10/2026,02:00:10,47.93,0
09/10/2026,02:00:11,48.62,0
09/10/2026,02:00:12,49.16,0
09/10/2026,02:00:13,49.60,0
09/10/2026,02:00:14,49.96,0
09/10/2026,02:00:15,50.24,0
09/10/2026,02:00:16,50.47,0
09/10/2026,02:00:17,50.65,0
09/10/2026,02:00:18,50.80,0
09/10/2026,02:00:19,50.92,0
09/10/2026,02:00:20,51.01,0
09/10/2026,02:00:21,51.09,0
09/10/2026,02:00:22,51.15,0
09/10/2026,02:00:23,51.20,0
09/10/2026,02:00:24,51.24,0
09/10/2026,02:00:25,51.27,0
09/10/2026,02:00:26,51.29,0
09/10/2026,02:00:27,51.31,0
09/10/2026,02:00:28,51.33,0
09/10/2026,02:00:29,51.34,0
09/10/2026,02:00:30,51.35,0
09/10/2026,02:00:31,54.09,0
09/10/2026,02:00:32,56.28,0
09/10/2026,02:00:33,58.05,0
09/10/2026,02:00:34,59.47,0
09/10/2026,02:00:35,60.61,0
09/10/2026,02:00:36,61.52,0
09/10/2026,02:00:37,62.26,0
09/10/2026,02:00:38,62.86,0
09/10/2026,02:00:39,63.33,0
09/10/2026,02:00:40,63.72,0
09/10/2026,02:00:41,64.03,0
09/10/2026,02:00:42,64.28,0
09/10/2026,02:00:43,64.48,0
09/10/2026,02:00:44,64.64,0
09/10/2026,02:00:45,64.77,0
09/10/2026,02:00:46,64.87,0
09/10/2026,02:00:47,64.96,0
09/10/2026,02:00:48,65.02,0
09/10/2026,02:00:49,65.08,0
09/10/2026,02:00:50,65.12,0
09/10/2026,02:00:51,65.16,0
09/10/2026,02:00:52,65.19,0
09/10/2026,02:00:53,65.21,0
09/10/2026,02:00:54,65.23,0
09/10/2026,02:00:55,65.24,0
09/10/2026,02:00:56,65.25,0
09/10/2026,02:00:57,65.26,0
09/10/2026,02:00:58,65.27,0
09/10/2026,02:00:59,65.28,0
09/10/2026,02:01:00,65.28,0
09/10/2026,02:01:01,65.29,0
09/10/2026,02:01:02,65.29,0
09/10/2026,02:01:03,65.29,0
09/10/2026,02:01:04,65.29,0
09/10/2026,02:01:05,65.30,0
09/10/2026,02:01:06,63.37,0
09/10/2026,02:01:07,61.47,0
09/10/2026,02:01:08,59.60,0
09/10/2026,02:01:09,57.76,0
09/10/2026,02:01:10,55.95,0
09/10/2026,02:01:11,54.17,0
09/10/2026,02:01:12,52.42,0
09/10/2026,02:01:13,50.69,0
09/10/2026,02:01:14,49.00,0
09/10/2026,02:01:15,47.33,0
09/10/2026,02:01:16,45.69,0
09/10/2026,02:01:17,44.08,0
09/10/2026,02:01:18,42.50,0
09/10/2026,02:01:19,40.95,0
09/10/2026,02:01:20,39.44,0
09/10/2026,02:01:21,38.18,0
09/10/2026,02:01:22,37.16,0
09/10/2026,02:01:23,36.35,0
09/10/2026,02:01:24,35.70,0
09/10/2026,02:01:25,35.18,0
09/10/2026,02:01:26,34.76,0
09/10/2026,02:01:27,34.43,0
09/10/2026,02:01:28,34.16,0
09/10/2026,02:01:29,33.95,0
09/10/2026,02:01:30,33.78,0
09/10/2026,02:01:31,33.64,0
09/10/2026,02:01:32,33.53,0
09/10/2026,02:01:33,33.45,0
09/10/2026,02:01:34,33.38,0
09/10/2026,02:01:35,33.32,0
09/10/2026,02:01:36,33.28,0
09/10/2026,02:01:37,33.24,0
09/10/2026,02:01:38,33.21,0
09/10/2026,02:01:39,33.19,0
